<?xml version = '1.0' encoding = 'UTF-8'?>
<Diagram class="oracle.dbtools.crest.swingui.logical.DPVLogical" name="Logical" id="187C1878-2FC6-1939-5581-2C9D6A0F2C21">
<createdBy>c0652863</createdBy>
<createdTime>2015-05-26 14:50:08 UTC</createdTime>
<autoRoute>false</autoRoute>
<boxInbox>true</boxInbox>
<showLegend>false</showLegend>
<showLabels>false</showLabels>
<showRelAttributes>false</showRelAttributes>
<showGrid>false</showGrid>
<diagramColor>-1</diagramColor>
<display>false</display>
<notation>1</notation>
<objectViews>
<OView class="oracle.dbtools.crest.swingui.logical.TVEntity" oid="3843A9F8-5203-1EE2-0817-F0E405B70EA7" otype="Entity" vid="2D502F59-AFC8-3786-9664-1395106AE287">
<hideElementsInCurrentOnly>false</hideElementsInCurrentOnly>
<bounds x="81" y="87" width="234" height="146"/>
</OView>
<OView class="oracle.dbtools.crest.swingui.TVNote" oid="9C6A1591-6A76-EE3B-16A7-4A7247A4CAA3" otype="Note" vid="B82ABF2A-90EC-FC8F-1E3E-BA387811C605">
<hideElementsInCurrentOnly>false</hideElementsInCurrentOnly>
<bounds x="330" y="83" width="108" height="40"/>
</OView>
<OView class="oracle.dbtools.crest.swingui.logical.TVEntity" oid="CEB49240-F1F4-DC41-3363-0D1D802D5B9D" otype="Entity" vid="805C0A17-7E2A-94EB-0A00-CC25F7CBB604">
<hideElementsInCurrentOnly>false</hideElementsInCurrentOnly>
<bounds x="449" y="85" width="256" height="163"/>
</OView>
<OView class="oracle.dbtools.crest.swingui.TVNote" oid="E46012A6-E1CA-CC69-A759-3AC78E86791B" otype="Note" vid="3611C0EE-33E8-C24C-AD3F-AEA58A93A26A">
<hideElementsInCurrentOnly>false</hideElementsInCurrentOnly>
<bounds x="328" y="189" width="108" height="51"/>
</OView>
</objectViews>
<connectors>
<Connector class="oracle.dbtools.crest.swingui.logical.TVRelation" oid="0D37D40A-53BC-0488-5A8D-2BF5514D9CE4" otype="Relation" vid_source="805C0A17-7E2A-94EB-0A00-CC25F7CBB604" vid_target="2D502F59-AFC8-3786-9664-1395106AE287">
<hideElementsInCurrentOnly>false</hideElementsInCurrentOnly>
<lineWidth>1</lineWidth>
<points>
<point x="449" y="136"/>
<point x="315" y="136"/>
</points>
</Connector>
<Connector class="oracle.dbtools.crest.swingui.logical.TVRelation" oid="FA5533E5-D44D-7200-C6EC-CFC0AE688E9C" otype="Relation" vid_source="2D502F59-AFC8-3786-9664-1395106AE287" vid_target="805C0A17-7E2A-94EB-0A00-CC25F7CBB604">
<hideElementsInCurrentOnly>false</hideElementsInCurrentOnly>
<lineWidth>1</lineWidth>
<points>
<point x="315" y="170"/>
<point x="449" y="170"/>
</points>
</Connector>
</connectors>
</Diagram>