<?xml version = '1.0' encoding = 'UTF-8'?>
<Relation class="oracle.dbtools.crest.model.design.logical.Relation" name="Relation_1" directorySegmentName="seg_0" id="14B51A70-3A47-7585-64ED-0DCDC99AA00A">
<createdBy>c0652863</createdBy>
<createdTime>2015-05-26 16:05:46 UTC</createdTime>
<ownerDesignName>A02B</ownerDesignName>
<engineerTo>
<item key="63660CA7-49BA-E523-E484-FE8F6FC2BC51" value="true"/>
</engineerTo>
<sourcePk>90BA67D0-BB11-36F5-60A6-F07A0148BC7C</sourcePk>
<identifying>true</identifying>
<optionalSource>true</optionalSource>
<optionalTarget>false</optionalTarget>
<sourceCardinality>1</sourceCardinality>
<sourceEntity>696F57DE-55D0-4470-75FA-1E0331499FB0</sourceEntity>
<targetCardinalityString>*</targetCardinalityString>
<targetEntity>EA828B68-B3F9-E8CF-4CE7-7DA00B7F1D44</targetEntity>
<transferable>true</transferable>
<deleteRule>NO ACTION</deleteRule>
</Relation>