<?xml version = '1.0' encoding = 'UTF-8'?>
<Relation class="oracle.dbtools.crest.model.design.logical.Relation" name="Relation_7" directorySegmentName="seg_0" id="6177A6F0-D788-DA74-E696-4C398ED994CB">
<createdBy>c0652863</createdBy>
<createdTime>2015-05-26 16:09:36 UTC</createdTime>
<ownerDesignName>A02B</ownerDesignName>
<engineerTo>
<item key="63660CA7-49BA-E523-E484-FE8F6FC2BC51" value="true"/>
</engineerTo>
<sourcePk>90BA67D0-BB11-36F5-60A6-F07A0148BC7C</sourcePk>
<identifying>true</identifying>
<optionalSource>true</optionalSource>
<optionalTarget>false</optionalTarget>
<sourceCardinality>1</sourceCardinality>
<sourceEntity>696F57DE-55D0-4470-75FA-1E0331499FB0</sourceEntity>
<targetCardinalityString>*</targetCardinalityString>
<targetEntity>24E833A0-EA69-B1AB-6FBD-402B4C521BA0</targetEntity>
<transferable>true</transferable>
<deleteRule>NO ACTION</deleteRule>
</Relation>