<?xml version = '1.0' encoding = 'UTF-8'?>
<Relation class="oracle.dbtools.crest.model.design.logical.Relation" name="Relation_5" directorySegmentName="seg_0" id="83F317E8-26A4-80D4-CFCD-8B24D0A61577">
<createdBy>c0652863</createdBy>
<createdTime>2015-05-26 16:07:46 UTC</createdTime>
<ownerDesignName>A02B</ownerDesignName>
<engineerTo>
<item key="63660CA7-49BA-E523-E484-FE8F6FC2BC51" value="true"/>
</engineerTo>
<sourcePk>90BA67D0-BB11-36F5-60A6-F07A0148BC7C</sourcePk>
<identifying>true</identifying>
<optionalSource>true</optionalSource>
<optionalTarget>false</optionalTarget>
<sourceCardinality>1</sourceCardinality>
<sourceEntity>696F57DE-55D0-4470-75FA-1E0331499FB0</sourceEntity>
<targetCardinalityString>*</targetCardinalityString>
<targetEntity>5EFB2300-BB10-4BA2-D552-658E01D1781A</targetEntity>
<transferable>true</transferable>
<deleteRule>NO ACTION</deleteRule>
</Relation>