<?xml version = '1.0' encoding = 'UTF-8'?>
<Relation class="oracle.dbtools.crest.model.design.logical.Relation" name="Relation_6" directorySegmentName="seg_0" id="9D025111-3F11-CB67-FC17-349A35165ADD">
<createdBy>c0652863</createdBy>
<createdTime>2015-05-26 16:09:25 UTC</createdTime>
<ownerDesignName>A02B</ownerDesignName>
<engineerTo>
<item key="63660CA7-49BA-E523-E484-FE8F6FC2BC51" value="true"/>
</engineerTo>
<sourcePk>90BA67D0-BB11-36F5-60A6-F07A0148BC7C</sourcePk>
<identifying>true</identifying>
<optionalSource>true</optionalSource>
<optionalTarget>false</optionalTarget>
<sourceCardinality>1</sourceCardinality>
<sourceEntity>696F57DE-55D0-4470-75FA-1E0331499FB0</sourceEntity>
<targetCardinalityString>*</targetCardinalityString>
<targetEntity>FF3B5A95-72B5-9908-3A32-067829F68704</targetEntity>
<transferable>true</transferable>
<deleteRule>NO ACTION</deleteRule>
</Relation>