<?xml version = '1.0' encoding = 'UTF-8'?>
<Relation class="oracle.dbtools.crest.model.design.logical.Relation" name="Relation_3" directorySegmentName="seg_0" id="B3040ECE-C1FA-9039-9E16-BA24473A8B9D">
<createdBy>c0652863</createdBy>
<createdTime>2015-05-26 16:07:09 UTC</createdTime>
<ownerDesignName>A02B</ownerDesignName>
<engineerTo>
<item key="63660CA7-49BA-E523-E484-FE8F6FC2BC51" value="true"/>
</engineerTo>
<sourcePk>74EE7703-F125-5EFA-C496-0A28639D09C8</sourcePk>
<identifying>false</identifying>
<optionalSource>true</optionalSource>
<optionalTarget>false</optionalTarget>
<sourceCardinality>1</sourceCardinality>
<sourceEntity>00037ECD-6133-C3B2-106E-A97E0060C1BA</sourceEntity>
<targetCardinalityString>*</targetCardinalityString>
<targetEntity>EA828B68-B3F9-E8CF-4CE7-7DA00B7F1D44</targetEntity>
<transferable>true</transferable>
<deleteRule>NO ACTION</deleteRule>
</Relation>