<?xml version = '1.0' encoding = 'UTF-8'?>
<Relation class="oracle.dbtools.crest.model.design.logical.Relation" name="Relation_8" directorySegmentName="seg_0" id="EEC2E0FE-FEEC-1787-F1A8-961906326C0B">
<createdBy>c0652863</createdBy>
<createdTime>2015-05-26 16:12:54 UTC</createdTime>
<ownerDesignName>A02B</ownerDesignName>
<engineerTo>
<item key="63660CA7-49BA-E523-E484-FE8F6FC2BC51" value="true"/>
</engineerTo>
<sourcePk>9C3CC821-ADBA-BB85-2958-0FEDC7E03378</sourcePk>
<identifying>false</identifying>
<optionalSource>true</optionalSource>
<optionalTarget>false</optionalTarget>
<sourceCardinality>1</sourceCardinality>
<sourceEntity>5EFB2300-BB10-4BA2-D552-658E01D1781A</sourceEntity>
<targetCardinalityString>*</targetCardinalityString>
<targetEntity>24E833A0-EA69-B1AB-6FBD-402B4C521BA0</targetEntity>
<transferable>true</transferable>
<deleteRule>NO ACTION</deleteRule>
</Relation>