<?xml version = '1.0' encoding = 'UTF-8'?>
<Relation class="oracle.dbtools.crest.model.design.logical.Relation" name="Relation_4" directorySegmentName="seg_0" id="FFB406BD-96A0-B79A-AA7D-1DE2527DF882">
<createdBy>c0652863</createdBy>
<createdTime>2015-05-26 16:07:31 UTC</createdTime>
<ownerDesignName>A02B</ownerDesignName>
<engineerTo>
<item key="63660CA7-49BA-E523-E484-FE8F6FC2BC51" value="true"/>
</engineerTo>
<sourcePk>74EE7703-F125-5EFA-C496-0A28639D09C8</sourcePk>
<identifying>false</identifying>
<optionalSource>true</optionalSource>
<optionalTarget>false</optionalTarget>
<sourceCardinality>1</sourceCardinality>
<sourceEntity>00037ECD-6133-C3B2-106E-A97E0060C1BA</sourceEntity>
<targetCardinalityString>1</targetCardinalityString>
<targetEntity>4F6368B4-1078-A1F1-35FC-233C04BE401B</targetEntity>
<transferable>true</transferable>
<deleteRule>NO ACTION</deleteRule>
</Relation>