<?xml version = '1.0' encoding = 'UTF-8'?>
<Diagram class="oracle.dbtools.crest.swingui.logical.DPVLogical" name="Logical" id="DABE81F7-D2F5-97CD-0452-E38904524CD5">
<createdBy>c0652863</createdBy>
<createdTime>2015-05-26 15:44:53 UTC</createdTime>
<autoRoute>false</autoRoute>
<boxInbox>true</boxInbox>
<showLegend>false</showLegend>
<showLabels>false</showLabels>
<showRelAttributes>false</showRelAttributes>
<showGrid>false</showGrid>
<diagramColor>-1</diagramColor>
<display>false</display>
<notation>1</notation>
<objectViews>
<OView class="oracle.dbtools.crest.swingui.logical.TVEntity" oid="00037ECD-6133-C3B2-106E-A97E0060C1BA" otype="Entity" vid="9106BD03-CD70-355A-DA53-00B0E680E659">
<hideElementsInCurrentOnly>false</hideElementsInCurrentOnly>
<bounds x="98" y="203" width="152" height="100"/>
</OView>
<OView class="oracle.dbtools.crest.swingui.TVNote" oid="15386608-934A-9C4B-C6DB-B8910DC5B851" otype="Note" vid="F40DB5FF-7C38-D704-8E92-33A3C4895B49">
<hideElementsInCurrentOnly>false</hideElementsInCurrentOnly>
<bounds x="579" y="219" width="111" height="37"/>
</OView>
<OView class="oracle.dbtools.crest.swingui.logical.TVEntity" oid="24E833A0-EA69-B1AB-6FBD-402B4C521BA0" otype="Entity" vid="C7050E92-0EA6-1A2F-E5A4-DAE6A426382D">
<hideElementsInCurrentOnly>false</hideElementsInCurrentOnly>
<bounds x="705" y="156" width="156" height="105"/>
</OView>
<OView class="oracle.dbtools.crest.swingui.logical.TVEntity" oid="4F6368B4-1078-A1F1-35FC-233C04BE401B" otype="Entity" vid="42B12FFC-9147-A65A-81D8-A19A010E49FA">
<hideElementsInCurrentOnly>false</hideElementsInCurrentOnly>
<bounds x="96" y="382" width="170" height="109"/>
</OView>
<OView class="oracle.dbtools.crest.swingui.logical.TVEntity" oid="5EFB2300-BB10-4BA2-D552-658E01D1781A" otype="Entity" vid="789E96C8-C2EB-60B7-4543-EF9984D67011">
<hideElementsInCurrentOnly>false</hideElementsInCurrentOnly>
<bounds x="690" y="377" width="160" height="103"/>
</OView>
<OView class="oracle.dbtools.crest.swingui.logical.TVEntity" oid="696F57DE-55D0-4470-75FA-1E0331499FB0" otype="Entity" vid="9880E23A-AE6E-89A5-463A-51D6DBA9687B">
<hideElementsInCurrentOnly>false</hideElementsInCurrentOnly>
<bounds x="402" y="47" width="159" height="222"/>
</OView>
<OView class="oracle.dbtools.crest.swingui.TVNote" oid="6A28A57C-BF0D-E0F8-72F1-6E429A1B7674" otype="Note" vid="6E4874F7-530A-0443-1053-74386C7A9E1F">
<hideElementsInCurrentOnly>false</hideElementsInCurrentOnly>
<bounds x="271" y="106" width="114" height="28"/>
</OView>
<OView class="oracle.dbtools.crest.swingui.TVNote" oid="8380CF27-D3F6-C211-F31E-9A393022D8C1" otype="Note" vid="B39FB6FC-FA47-B2C6-8DAC-1160A17C67BA">
<hideElementsInCurrentOnly>false</hideElementsInCurrentOnly>
<bounds x="216" y="159" width="117" height="32"/>
</OView>
<OView class="oracle.dbtools.crest.swingui.TVNote" oid="84DDDCBE-4C07-1FBD-CEDD-A80A85BAD64F" otype="Note" vid="887B3D9F-C65E-4B38-E5C0-86502A9C82F6">
<hideElementsInCurrentOnly>false</hideElementsInCurrentOnly>
<bounds x="198" y="323" width="115" height="38"/>
</OView>
<OView class="oracle.dbtools.crest.swingui.TVNote" oid="ADBC5D42-90F0-D107-0DCE-08638C1FAEFD" otype="Note" vid="84AE424C-0404-7865-B9DC-DE2C240C0429">
<hideElementsInCurrentOnly>false</hideElementsInCurrentOnly>
<bounds x="793" y="311" width="112" height="32"/>
</OView>
<OView class="oracle.dbtools.crest.swingui.TVNote" oid="C3D16B33-578B-947E-7544-2F19F5F4E9D8" otype="Note" vid="1F39375F-7794-F55A-5609-0B3E06659220">
<hideElementsInCurrentOnly>false</hideElementsInCurrentOnly>
<bounds x="580" y="112" width="114" height="35"/>
</OView>
<OView class="oracle.dbtools.crest.swingui.TVNote" oid="D1C0C136-9CDF-A96A-C10B-558E51B2AB5F" otype="Note" vid="2DA272E1-36C1-4CD1-8203-D4B80D219D3D">
<hideElementsInCurrentOnly>false</hideElementsInCurrentOnly>
<bounds x="516" y="326" width="95" height="40"/>
</OView>
<OView class="oracle.dbtools.crest.swingui.logical.TVEntity" oid="EA828B68-B3F9-E8CF-4CE7-7DA00B7F1D44" otype="Entity" vid="26BB8E52-E7D8-A647-987E-7A525DBA99DB">
<hideElementsInCurrentOnly>false</hideElementsInCurrentOnly>
<bounds x="104" y="49" width="147" height="93"/>
</OView>
<OView class="oracle.dbtools.crest.swingui.logical.TVEntity" oid="FF3B5A95-72B5-9908-3A32-067829F68704" otype="Entity" vid="EF100AEB-2FE7-5ED4-D845-719B49E10CF4">
<hideElementsInCurrentOnly>false</hideElementsInCurrentOnly>
<bounds x="705" y="45" width="151" height="101"/>
</OView>
</objectViews>
<connectors>
<Connector class="oracle.dbtools.crest.swingui.logical.TVRelation" oid="14B51A70-3A47-7585-64ED-0DCDC99AA00A" otype="Relation" vid_source="9880E23A-AE6E-89A5-463A-51D6DBA9687B" vid_target="26BB8E52-E7D8-A647-987E-7A525DBA99DB">
<hideElementsInCurrentOnly>false</hideElementsInCurrentOnly>
<lineWidth>1</lineWidth>
<points>
<point x="402" y="95"/>
<point x="251" y="95"/>
</points>
</Connector>
<Connector class="oracle.dbtools.crest.swingui.logical.TVRelation" oid="6177A6F0-D788-DA74-E696-4C398ED994CB" otype="Relation" vid_source="9880E23A-AE6E-89A5-463A-51D6DBA9687B" vid_target="C7050E92-0EA6-1A2F-E5A4-DAE6A426382D">
<hideElementsInCurrentOnly>false</hideElementsInCurrentOnly>
<lineWidth>1</lineWidth>
<points>
<point x="561" y="208"/>
<point x="705" y="208"/>
</points>
</Connector>
<Connector class="oracle.dbtools.crest.swingui.logical.TVRelation" oid="83F317E8-26A4-80D4-CFCD-8B24D0A61577" otype="Relation" vid_source="9880E23A-AE6E-89A5-463A-51D6DBA9687B" vid_target="789E96C8-C2EB-60B7-4543-EF9984D67011">
<hideElementsInCurrentOnly>false</hideElementsInCurrentOnly>
<lineWidth>1</lineWidth>
<points>
<point x="503" y="269"/>
<point x="503" y="435"/>
<point x="690" y="435"/>
</points>
</Connector>
<Connector class="oracle.dbtools.crest.swingui.logical.TVRelation" oid="9D025111-3F11-CB67-FC17-349A35165ADD" otype="Relation" vid_source="9880E23A-AE6E-89A5-463A-51D6DBA9687B" vid_target="EF100AEB-2FE7-5ED4-D845-719B49E10CF4">
<hideElementsInCurrentOnly>false</hideElementsInCurrentOnly>
<lineWidth>1</lineWidth>
<points>
<point x="561" y="96"/>
<point x="705" y="96"/>
</points>
</Connector>
<Connector class="oracle.dbtools.crest.swingui.logical.TVRelation" oid="B3040ECE-C1FA-9039-9E16-BA24473A8B9D" otype="Relation" vid_source="9106BD03-CD70-355A-DA53-00B0E680E659" vid_target="26BB8E52-E7D8-A647-987E-7A525DBA99DB">
<hideElementsInCurrentOnly>false</hideElementsInCurrentOnly>
<lineWidth>1</lineWidth>
<points>
<point x="187" y="203"/>
<point x="187" y="142"/>
</points>
</Connector>
<Connector class="oracle.dbtools.crest.swingui.logical.TVRelation" oid="EEC2E0FE-FEEC-1787-F1A8-961906326C0B" otype="Relation" vid_source="789E96C8-C2EB-60B7-4543-EF9984D67011" vid_target="C7050E92-0EA6-1A2F-E5A4-DAE6A426382D">
<hideElementsInCurrentOnly>false</hideElementsInCurrentOnly>
<lineWidth>1</lineWidth>
<points>
<point x="777" y="377"/>
<point x="777" y="261"/>
</points>
</Connector>
<Connector class="oracle.dbtools.crest.swingui.logical.TVRelation" oid="FFB406BD-96A0-B79A-AA7D-1DE2527DF882" otype="Relation" vid_source="9106BD03-CD70-355A-DA53-00B0E680E659" vid_target="42B12FFC-9147-A65A-81D8-A19A010E49FA">
<hideElementsInCurrentOnly>false</hideElementsInCurrentOnly>
<lineWidth>1</lineWidth>
<points>
<point x="174" y="303"/>
<point x="174" y="382"/>
</points>
</Connector>
</connectors>
</Diagram>