<?xml version = '1.0' encoding = 'UTF-8'?>
<Entity class="oracle.dbtools.crest.model.design.logical.Entity" directorySegmentName="seg_0" id="00037ECD-6133-C3B2-106E-A97E0060C1BA" name="DEPARTMENT">
<createdBy>c0652863</createdBy>
<createdTime>2015-05-26 15:57:25 UTC</createdTime>
<ownerDesignName>A02B</ownerDesignName>
<engineerTo>
<item key="63660CA7-49BA-E523-E484-FE8F6FC2BC51" value="true"/>
</engineerTo>
<adequatelyNormalized>NO</adequatelyNormalized>
<expectedVolumes>0</expectedVolumes>
<fwdEngineeringStrategyName>Single Table</fwdEngineeringStrategyName>
<growthPercent>0</growthPercent>
<growthType>Year</growthType>
<maxVolumes>9999999</maxVolumes>
<minVolumes>0</minVolumes>
<normalForm>Third</normalForm>
<attributes itemClass="oracle.dbtools.crest.model.design.logical.Attribute">
<Attribute name="department_id" id="D7C714BA-E632-C9E0-FE80-A839C952982B">
<createdBy>c0652863</createdBy>
<createdTime>2015-05-26 15:59:30 UTC</createdTime>
<ownerDesignName>A02B</ownerDesignName>
<engineerTo>
<item key="63660CA7-49BA-E523-E484-FE8F6FC2BC51" value="true"/>
</engineerTo>
<use>0</use>
<logicalDatatype>LOGDT007</logicalDatatype>
<domain>8DBF9042-1389-40F4-56F0-FBCE7604219D</domain>
</Attribute>
<Attribute name="department_name" id="F5A3870E-887D-1D3D-6FB8-42C57D91770A">
<createdBy>c0652863</createdBy>
<createdTime>2015-05-26 15:59:44 UTC</createdTime>
<ownerDesignName>A02B</ownerDesignName>
<engineerTo>
<item key="63660CA7-49BA-E523-E484-FE8F6FC2BC51" value="true"/>
</engineerTo>
<use>0</use>
<logicalDatatype>LOGDT007</logicalDatatype>
<domain>4F5A28AB-5980-742E-EBC0-0A01D22F440A</domain>
</Attribute>
</attributes>
<identifiers itemClass="oracle.dbtools.crest.model.design.logical.CandidateKey">
<identifier id="74EE7703-F125-5EFA-C496-0A28639D09C8" name="DEPARTMENT PK">
<createdBy>c0652863</createdBy>
<createdTime>2015-05-26 15:59:42 UTC</createdTime>
<ownerDesignName>A02B</ownerDesignName>
<engineerTo>
<item key="63660CA7-49BA-E523-E484-FE8F6FC2BC51" value="true"/>
</engineerTo>
<pk>true</pk>
<usedAttributes>
<attributeRef>D7C714BA-E632-C9E0-FE80-A839C952982B</attributeRef>
</usedAttributes>
</identifier>
<identifier id="CC1E7FC6-63E7-5A82-57E0-C16E617E2A9B" name="Department Name">
<createdBy>c0652863</createdBy>
<createdTime>2015-05-26 16:00:00 UTC</createdTime>
<ownerDesignName>A02B</ownerDesignName>
<engineerTo>
<item key="63660CA7-49BA-E523-E484-FE8F6FC2BC51" value="true"/>
</engineerTo>
<newElementsIDs>F5A3870E-887D-1D3D-6FB8-42C57D91770A</newElementsIDs>
<usedAttributes>
<attributeRef>F5A3870E-887D-1D3D-6FB8-42C57D91770A</attributeRef>
</usedAttributes>
</identifier>
</identifiers>
</Entity>