<?xml version = '1.0' encoding = 'UTF-8'?>
<Entity class="oracle.dbtools.crest.model.design.logical.Entity" directorySegmentName="seg_0" id="24E833A0-EA69-B1AB-6FBD-402B4C521BA0" name="EMPLOYEE_TITLE">
<createdBy>c0652863</createdBy>
<createdTime>2015-05-26 15:58:02 UTC</createdTime>
<ownerDesignName>A02B</ownerDesignName>
<engineerTo>
<item key="63660CA7-49BA-E523-E484-FE8F6FC2BC51" value="true"/>
</engineerTo>
<adequatelyNormalized>NO</adequatelyNormalized>
<expectedVolumes>0</expectedVolumes>
<fwdEngineeringStrategyName>Single Table</fwdEngineeringStrategyName>
<growthPercent>0</growthPercent>
<growthType>Year</growthType>
<maxVolumes>9999999</maxVolumes>
<minVolumes>0</minVolumes>
<normalForm>Third</normalForm>
<attributes itemClass="oracle.dbtools.crest.model.design.logical.Attribute">
<Attribute name="start_date" id="50CBB0F9-AB08-6F7C-B6C0-60DF7767392F">
<createdBy>c0652863</createdBy>
<createdTime>2015-05-26 16:04:09 UTC</createdTime>
<ownerDesignName>A02B</ownerDesignName>
<engineerTo>
<item key="63660CA7-49BA-E523-E484-FE8F6FC2BC51" value="true"/>
</engineerTo>
<useDomainConstraints>false</useDomainConstraints>
<use>1</use>
<logicalDatatype>LOGDT007</logicalDatatype>
</Attribute>
<Attribute name="end_date" id="4830F7F0-6B85-81F6-9A3E-0275562253D4">
<createdBy>c0652863</createdBy>
<createdTime>2015-05-26 16:04:21 UTC</createdTime>
<ownerDesignName>A02B</ownerDesignName>
<engineerTo>
<item key="63660CA7-49BA-E523-E484-FE8F6FC2BC51" value="true"/>
</engineerTo>
<nullsAllowed>true</nullsAllowed>
<useDomainConstraints>false</useDomainConstraints>
<use>1</use>
<logicalDatatype>LOGDT007</logicalDatatype>
</Attribute>
<Attribute name="employee_id" id="487A6F08-3BB3-335D-C8DD-E005DEA20BF7">
<createdBy>c0652863</createdBy>
<createdTime>2015-05-26 16:09:36 UTC</createdTime>
<generatorID>6177A6F0-D788-DA74-E696-4C398ED994CB</generatorID>
<ownerDesignName>A02B</ownerDesignName>
<engineerTo>
<item key="63660CA7-49BA-E523-E484-FE8F6FC2BC51" value="true"/>
</engineerTo>
<referedAttribute>DCCECDD3-7447-840E-81A1-9F14C795464E</referedAttribute>
<useDomainConstraints>false</useDomainConstraints>
<use>1</use>
<logicalDatatype>LOGDT024</logicalDatatype>
</Attribute>
<Attribute name="title_id" id="BBDEE21C-755C-D772-A653-B20BD52A7BB0">
<createdBy>c0652863</createdBy>
<createdTime>2015-05-26 16:12:54 UTC</createdTime>
<generatorID>EEC2E0FE-FEEC-1787-F1A8-961906326C0B</generatorID>
<ownerDesignName>A02B</ownerDesignName>
<engineerTo>
<item key="63660CA7-49BA-E523-E484-FE8F6FC2BC51" value="true"/>
</engineerTo>
<referedAttribute>C12339D4-7BB0-6A57-AC15-177D0CFC542D</referedAttribute>
<useDomainConstraints>false</useDomainConstraints>
<use>1</use>
<logicalDatatype>LOGDT024</logicalDatatype>
</Attribute>
<Attribute name="employee_id1" id="9A07D12E-316B-9F23-268F-1084F74FCD4F">
<createdBy>c0652863</createdBy>
<createdTime>2015-05-26 16:12:54 UTC</createdTime>
<generatorID>EEC2E0FE-FEEC-1787-F1A8-961906326C0B</generatorID>
<ownerDesignName>A02B</ownerDesignName>
<engineerTo>
<item key="63660CA7-49BA-E523-E484-FE8F6FC2BC51" value="true"/>
</engineerTo>
<referedAttribute>236F2FBF-FC80-23A9-DEEF-32FB9EA18A4D</referedAttribute>
<useDomainConstraints>false</useDomainConstraints>
<use>1</use>
<logicalDatatype>LOGDT024</logicalDatatype>
</Attribute>
</attributes>
<identifiers itemClass="oracle.dbtools.crest.model.design.logical.CandidateKey">
<identifier id="59B1F38C-1CD9-8260-25FB-CD509B94E88C" name="EMPLOYEE_TITLE PK">
<createdBy>c0652863</createdBy>
<createdTime>2015-05-26 16:09:36 UTC</createdTime>
<ownerDesignName>A02B</ownerDesignName>
<engineerTo>
<item key="63660CA7-49BA-E523-E484-FE8F6FC2BC51" value="true"/>
</engineerTo>
<pk>true</pk>
<usedAttributes>
<attributeRef>487A6F08-3BB3-335D-C8DD-E005DEA20BF7</attributeRef>
<attributeRef>50CBB0F9-AB08-6F7C-B6C0-60DF7767392F</attributeRef>
</usedAttributes>
</identifier>
</identifiers>
</Entity>