<?xml version = '1.0' encoding = 'UTF-8'?>
<Entity class="oracle.dbtools.crest.model.design.logical.Entity" directorySegmentName="seg_0" id="4F6368B4-1078-A1F1-35FC-233C04BE401B" name="DEPARTMENT_MANAGER">
<createdBy>c0652863</createdBy>
<createdTime>2015-05-26 15:57:36 UTC</createdTime>
<ownerDesignName>A02B</ownerDesignName>
<engineerTo>
<item key="63660CA7-49BA-E523-E484-FE8F6FC2BC51" value="true"/>
</engineerTo>
<adequatelyNormalized>NO</adequatelyNormalized>
<expectedVolumes>0</expectedVolumes>
<fwdEngineeringStrategyName>Single Table</fwdEngineeringStrategyName>
<growthPercent>0</growthPercent>
<growthType>Year</growthType>
<maxVolumes>9999999</maxVolumes>
<minVolumes>0</minVolumes>
<normalForm>Third</normalForm>
<attributes itemClass="oracle.dbtools.crest.model.design.logical.Attribute">
<Attribute name="manager_id" id="409ABC78-FC63-271C-19DC-34F09620F74A">
<createdBy>c0652863</createdBy>
<createdTime>2015-05-26 16:00:58 UTC</createdTime>
<ownerDesignName>A02B</ownerDesignName>
<engineerTo>
<item key="63660CA7-49BA-E523-E484-FE8F6FC2BC51" value="true"/>
</engineerTo>
<use>0</use>
<logicalDatatype>LOGDT024</logicalDatatype>
<domain>B4E2BEAB-D670-F197-3729-D99340586781</domain>
</Attribute>
<Attribute name="first_name" id="E06A2751-1DBA-D960-4DF4-E428AB302B8E">
<createdBy>c0652863</createdBy>
<createdTime>2015-05-26 16:01:13 UTC</createdTime>
<ownerDesignName>A02B</ownerDesignName>
<engineerTo>
<item key="63660CA7-49BA-E523-E484-FE8F6FC2BC51" value="true"/>
</engineerTo>
<use>0</use>
<logicalDatatype>LOGDT024</logicalDatatype>
<domain>9866E870-B9E2-90F2-DC59-2F2BD22888F5</domain>
</Attribute>
<Attribute name="last_name" id="AC8EACC3-0770-F66A-C377-2DB967A524A3">
<createdBy>c0652863</createdBy>
<createdTime>2015-05-26 16:01:23 UTC</createdTime>
<ownerDesignName>A02B</ownerDesignName>
<engineerTo>
<item key="63660CA7-49BA-E523-E484-FE8F6FC2BC51" value="true"/>
</engineerTo>
<use>0</use>
<logicalDatatype>LOGDT024</logicalDatatype>
<domain>745659C8-CB1C-E0C3-D286-7A6E3667B286</domain>
</Attribute>
<Attribute name="start_date" id="7AE68CCA-6873-26A8-420F-8F678C0894A6">
<createdBy>c0652863</createdBy>
<createdTime>2015-05-26 16:01:41 UTC</createdTime>
<ownerDesignName>A02B</ownerDesignName>
<engineerTo>
<item key="63660CA7-49BA-E523-E484-FE8F6FC2BC51" value="true"/>
</engineerTo>
<use>0</use>
<logicalDatatype>LOGDT007</logicalDatatype>
<domain>73C0913E-64E8-A649-3FF1-984BCD5C9F73</domain>
</Attribute>
<Attribute name="end_date" id="964604E8-EFF9-23F6-AA68-0F7C81A59204">
<createdBy>c0652863</createdBy>
<createdTime>2015-05-26 16:01:41 UTC</createdTime>
<ownerDesignName>A02B</ownerDesignName>
<engineerTo>
<item key="63660CA7-49BA-E523-E484-FE8F6FC2BC51" value="true"/>
</engineerTo>
<use>0</use>
<logicalDatatype>LOGDT007</logicalDatatype>
<domain>7DBBA99B-ED6E-D8DC-157C-F398083A9D2D</domain>
</Attribute>
<Attribute name="department_id" id="4E1F9011-FE27-444D-D376-B113006D9EB5">
<createdBy>c0652863</createdBy>
<createdTime>2015-05-26 16:07:31 UTC</createdTime>
<generatorID>FFB406BD-96A0-B79A-AA7D-1DE2527DF882</generatorID>
<ownerDesignName>A02B</ownerDesignName>
<engineerTo>
<item key="63660CA7-49BA-E523-E484-FE8F6FC2BC51" value="true"/>
</engineerTo>
<referedAttribute>D7C714BA-E632-C9E0-FE80-A839C952982B</referedAttribute>
<use>0</use>
<logicalDatatype>LOGDT007</logicalDatatype>
<domain>8DBF9042-1389-40F4-56F0-FBCE7604219D</domain>
</Attribute>
</attributes>
<identifiers itemClass="oracle.dbtools.crest.model.design.logical.CandidateKey">
<identifier id="19F55999-7C84-E5B4-FD29-9FC63C982431" name="DEPARTMENT_MANAGER PK">
<createdBy>c0652863</createdBy>
<createdTime>2015-05-26 16:01:10 UTC</createdTime>
<ownerDesignName>A02B</ownerDesignName>
<engineerTo>
<item key="63660CA7-49BA-E523-E484-FE8F6FC2BC51" value="true"/>
</engineerTo>
<pk>true</pk>
<usedAttributes>
<attributeRef>409ABC78-FC63-271C-19DC-34F09620F74A</attributeRef>
</usedAttributes>
</identifier>
</identifiers>
</Entity>