<?xml version = '1.0' encoding = 'UTF-8'?>
<Entity class="oracle.dbtools.crest.model.design.logical.Entity" directorySegmentName="seg_0" id="5EFB2300-BB10-4BA2-D552-658E01D1781A" name="TITLE">
<createdBy>c0652863</createdBy>
<createdTime>2015-05-26 15:58:13 UTC</createdTime>
<ownerDesignName>A02B</ownerDesignName>
<engineerTo>
<item key="63660CA7-49BA-E523-E484-FE8F6FC2BC51" value="true"/>
</engineerTo>
<adequatelyNormalized>NO</adequatelyNormalized>
<expectedVolumes>0</expectedVolumes>
<fwdEngineeringStrategyName>Single Table</fwdEngineeringStrategyName>
<growthPercent>0</growthPercent>
<growthType>Year</growthType>
<maxVolumes>9999999</maxVolumes>
<minVolumes>0</minVolumes>
<normalForm>Third</normalForm>
<attributes itemClass="oracle.dbtools.crest.model.design.logical.Attribute">
<Attribute name="title_id" id="C12339D4-7BB0-6A57-AC15-177D0CFC542D">
<createdBy>c0652863</createdBy>
<createdTime>2015-05-26 16:04:35 UTC</createdTime>
<ownerDesignName>A02B</ownerDesignName>
<engineerTo>
<item key="63660CA7-49BA-E523-E484-FE8F6FC2BC51" value="true"/>
</engineerTo>
<use>0</use>
<logicalDatatype>LOGDT024</logicalDatatype>
<domain>51123681-CF49-A480-8AD1-2B6B44CF3137</domain>
</Attribute>
<Attribute name="title_name" id="064BA905-EBC4-1BD4-8FD2-7B19B230A96F">
<createdBy>c0652863</createdBy>
<createdTime>2015-05-26 16:04:35 UTC</createdTime>
<ownerDesignName>A02B</ownerDesignName>
<engineerTo>
<item key="63660CA7-49BA-E523-E484-FE8F6FC2BC51" value="true"/>
</engineerTo>
<use>0</use>
<logicalDatatype>LOGDT024</logicalDatatype>
<domain>6F41BD1A-9C43-C68F-A2A1-B69394B15B7A</domain>
</Attribute>
<Attribute name="employee_id" id="236F2FBF-FC80-23A9-DEEF-32FB9EA18A4D">
<createdBy>c0652863</createdBy>
<createdTime>2015-05-26 16:07:46 UTC</createdTime>
<generatorID>83F317E8-26A4-80D4-CFCD-8B24D0A61577</generatorID>
<ownerDesignName>A02B</ownerDesignName>
<engineerTo>
<item key="63660CA7-49BA-E523-E484-FE8F6FC2BC51" value="true"/>
</engineerTo>
<referedAttribute>DCCECDD3-7447-840E-81A1-9F14C795464E</referedAttribute>
<use>0</use>
<logicalDatatype>LOGDT024</logicalDatatype>
<domain>8C3309AE-EA66-AF24-92E6-B8536828A6BC</domain>
</Attribute>
</attributes>
<identifiers itemClass="oracle.dbtools.crest.model.design.logical.CandidateKey">
<identifier id="9C3CC821-ADBA-BB85-2958-0FEDC7E03378" name="TITLE PK">
<createdBy>c0652863</createdBy>
<createdTime>2015-05-26 16:04:45 UTC</createdTime>
<ownerDesignName>A02B</ownerDesignName>
<engineerTo>
<item key="63660CA7-49BA-E523-E484-FE8F6FC2BC51" value="true"/>
</engineerTo>
<pk>true</pk>
<usedAttributes>
<attributeRef>C12339D4-7BB0-6A57-AC15-177D0CFC542D</attributeRef>
<attributeRef>236F2FBF-FC80-23A9-DEEF-32FB9EA18A4D</attributeRef>
</usedAttributes>
</identifier>
</identifiers>
</Entity>