<?xml version = '1.0' encoding = 'UTF-8'?>
<Entity class="oracle.dbtools.crest.model.design.logical.Entity" directorySegmentName="seg_0" id="696F57DE-55D0-4470-75FA-1E0331499FB0" name="EMPLOYEE">
<createdBy>c0652863</createdBy>
<createdTime>2015-05-26 15:57:48 UTC</createdTime>
<ownerDesignName>A02B</ownerDesignName>
<engineerTo>
<item key="63660CA7-49BA-E523-E484-FE8F6FC2BC51" value="true"/>
</engineerTo>
<adequatelyNormalized>NO</adequatelyNormalized>
<expectedVolumes>0</expectedVolumes>
<fwdEngineeringStrategyName>Single Table</fwdEngineeringStrategyName>
<growthPercent>0</growthPercent>
<growthType>Year</growthType>
<maxVolumes>9999999</maxVolumes>
<minVolumes>0</minVolumes>
<normalForm>Third</normalForm>
<attributes itemClass="oracle.dbtools.crest.model.design.logical.Attribute">
<Attribute name="employee_id" id="DCCECDD3-7447-840E-81A1-9F14C795464E">
<createdBy>c0652863</createdBy>
<createdTime>2015-05-26 16:02:18 UTC</createdTime>
<ownerDesignName>A02B</ownerDesignName>
<engineerTo>
<item key="63660CA7-49BA-E523-E484-FE8F6FC2BC51" value="true"/>
</engineerTo>
<use>0</use>
<logicalDatatype>LOGDT024</logicalDatatype>
<domain>8C3309AE-EA66-AF24-92E6-B8536828A6BC</domain>
</Attribute>
<Attribute name="first_name" id="2CA22805-63B2-CEF6-1BBB-73058B5BFA62">
<createdBy>c0652863</createdBy>
<createdTime>2015-05-26 16:02:29 UTC</createdTime>
<ownerDesignName>A02B</ownerDesignName>
<engineerTo>
<item key="63660CA7-49BA-E523-E484-FE8F6FC2BC51" value="true"/>
</engineerTo>
<use>0</use>
<logicalDatatype>LOGDT024</logicalDatatype>
<domain>9866E870-B9E2-90F2-DC59-2F2BD22888F5</domain>
</Attribute>
<Attribute name="last_name" id="CD91B4E8-46F9-023F-4479-C05BBA87DF62">
<createdBy>c0652863</createdBy>
<createdTime>2015-05-26 16:02:29 UTC</createdTime>
<ownerDesignName>A02B</ownerDesignName>
<engineerTo>
<item key="63660CA7-49BA-E523-E484-FE8F6FC2BC51" value="true"/>
</engineerTo>
<use>0</use>
<logicalDatatype>LOGDT024</logicalDatatype>
<domain>745659C8-CB1C-E0C3-D286-7A6E3667B286</domain>
</Attribute>
<Attribute name="birth_date" id="C63C1B1F-AC0B-C6E9-8C09-735919954B83">
<createdBy>c0652863</createdBy>
<createdTime>2015-05-26 16:02:29 UTC</createdTime>
<ownerDesignName>A02B</ownerDesignName>
<engineerTo>
<item key="63660CA7-49BA-E523-E484-FE8F6FC2BC51" value="true"/>
</engineerTo>
<use>0</use>
<logicalDatatype>LOGDT007</logicalDatatype>
<domain>2AC9591E-D965-AA04-2B23-A5AA6AFABF47</domain>
</Attribute>
<Attribute name="gender" id="F57C8708-84B1-11D0-8674-047D281ACF9A">
<createdBy>c0652863</createdBy>
<createdTime>2015-05-26 16:02:29 UTC</createdTime>
<ownerDesignName>A02B</ownerDesignName>
<engineerTo>
<item key="63660CA7-49BA-E523-E484-FE8F6FC2BC51" value="true"/>
</engineerTo>
<use>0</use>
<logicalDatatype>LOGDT024</logicalDatatype>
<domain>4E8F98A0-67F8-A875-15D5-606BDACFD5BB</domain>
</Attribute>
<Attribute name="hire_date" id="2F3446E4-68B6-2BF3-36B0-77276BCD75C1">
<createdBy>c0652863</createdBy>
<createdTime>2015-05-26 16:03:15 UTC</createdTime>
<ownerDesignName>A02B</ownerDesignName>
<engineerTo>
<item key="63660CA7-49BA-E523-E484-FE8F6FC2BC51" value="true"/>
</engineerTo>
<use>0</use>
<logicalDatatype>LOGDT024</logicalDatatype>
<domain>2B52CF74-C13D-E12B-42D7-385633F036B5</domain>
</Attribute>
</attributes>
<identifiers itemClass="oracle.dbtools.crest.model.design.logical.CandidateKey">
<identifier id="90BA67D0-BB11-36F5-60A6-F07A0148BC7C" name="EMPLOYEE PK">
<createdBy>c0652863</createdBy>
<createdTime>2015-05-26 16:02:27 UTC</createdTime>
<ownerDesignName>A02B</ownerDesignName>
<engineerTo>
<item key="63660CA7-49BA-E523-E484-FE8F6FC2BC51" value="true"/>
</engineerTo>
<pk>true</pk>
<usedAttributes>
<attributeRef>DCCECDD3-7447-840E-81A1-9F14C795464E</attributeRef>
</usedAttributes>
</identifier>
</identifiers>
</Entity>