<?xml version = '1.0' encoding = 'UTF-8'?>
<Entity class="oracle.dbtools.crest.model.design.logical.Entity" directorySegmentName="seg_0" id="EA828B68-B3F9-E8CF-4CE7-7DA00B7F1D44" name="DEPARTMENT_EMPLOYEE">
<createdBy>c0652863</createdBy>
<createdTime>2015-05-26 15:57:07 UTC</createdTime>
<ownerDesignName>A02B</ownerDesignName>
<engineerTo>
<item key="63660CA7-49BA-E523-E484-FE8F6FC2BC51" value="true"/>
</engineerTo>
<adequatelyNormalized>NO</adequatelyNormalized>
<expectedVolumes>0</expectedVolumes>
<fwdEngineeringStrategyName>Single Table</fwdEngineeringStrategyName>
<growthPercent>0</growthPercent>
<growthType>Year</growthType>
<maxVolumes>9999999</maxVolumes>
<minVolumes>0</minVolumes>
<normalForm>Third</normalForm>
<attributes itemClass="oracle.dbtools.crest.model.design.logical.Attribute">
<Attribute name="start_date" id="61182D97-6712-3B68-126D-81E69DAC1881">
<createdBy>c0652863</createdBy>
<createdTime>2015-05-26 15:58:39 UTC</createdTime>
<ownerDesignName>A02B</ownerDesignName>
<engineerTo>
<item key="63660CA7-49BA-E523-E484-FE8F6FC2BC51" value="true"/>
</engineerTo>
<useDomainConstraints>false</useDomainConstraints>
<use>1</use>
<logicalDatatype>LOGDT007</logicalDatatype>
</Attribute>
<Attribute name="end_date" id="D472EEBB-6AA2-723B-8F9C-0721A507FBBE">
<createdBy>c0652863</createdBy>
<createdTime>2015-05-26 15:58:56 UTC</createdTime>
<ownerDesignName>A02B</ownerDesignName>
<engineerTo>
<item key="63660CA7-49BA-E523-E484-FE8F6FC2BC51" value="true"/>
</engineerTo>
<nullsAllowed>true</nullsAllowed>
<useDomainConstraints>false</useDomainConstraints>
<use>1</use>
<logicalDatatype>LOGDT007</logicalDatatype>
</Attribute>
<Attribute name="employee_id" id="543C1EA1-FB6C-FCDC-D653-84C44C41423D">
<createdBy>c0652863</createdBy>
<createdTime>2015-05-26 16:05:46 UTC</createdTime>
<generatorID>14B51A70-3A47-7585-64ED-0DCDC99AA00A</generatorID>
<ownerDesignName>A02B</ownerDesignName>
<engineerTo>
<item key="63660CA7-49BA-E523-E484-FE8F6FC2BC51" value="true"/>
</engineerTo>
<referedAttribute>DCCECDD3-7447-840E-81A1-9F14C795464E</referedAttribute>
<useDomainConstraints>false</useDomainConstraints>
<use>1</use>
<logicalDatatype>LOGDT024</logicalDatatype>
</Attribute>
<Attribute name="department_id" id="FB79AE89-9934-B1A4-F645-296A2EF4CCEC">
<createdBy>c0652863</createdBy>
<createdTime>2015-05-26 16:07:09 UTC</createdTime>
<generatorID>B3040ECE-C1FA-9039-9E16-BA24473A8B9D</generatorID>
<ownerDesignName>A02B</ownerDesignName>
<engineerTo>
<item key="63660CA7-49BA-E523-E484-FE8F6FC2BC51" value="true"/>
</engineerTo>
<referedAttribute>D7C714BA-E632-C9E0-FE80-A839C952982B</referedAttribute>
<useDomainConstraints>false</useDomainConstraints>
<use>1</use>
<logicalDatatype>LOGDT007</logicalDatatype>
</Attribute>
</attributes>
<identifiers itemClass="oracle.dbtools.crest.model.design.logical.CandidateKey">
<identifier id="99A71C6D-7630-EDCE-2C5C-51DC96B03D2B" name="DEPARTMENT_EMPLOYEE PK">
<createdBy>c0652863</createdBy>
<createdTime>2015-05-26 15:58:50 UTC</createdTime>
<ownerDesignName>A02B</ownerDesignName>
<engineerTo>
<item key="63660CA7-49BA-E523-E484-FE8F6FC2BC51" value="true"/>
</engineerTo>
<pk>true</pk>
<usedAttributes>
<attributeRef>543C1EA1-FB6C-FCDC-D653-84C44C41423D</attributeRef>
</usedAttributes>
</identifier>
</identifiers>
</Entity>