<?xml version = '1.0' encoding = 'UTF-8'?>
<Entity class="oracle.dbtools.crest.model.design.logical.Entity" directorySegmentName="seg_0" id="FF3B5A95-72B5-9908-3A32-067829F68704" name="SALARY">
<createdBy>c0652863</createdBy>
<createdTime>2015-05-26 15:57:56 UTC</createdTime>
<ownerDesignName>A02B</ownerDesignName>
<engineerTo>
<item key="63660CA7-49BA-E523-E484-FE8F6FC2BC51" value="true"/>
</engineerTo>
<adequatelyNormalized>NO</adequatelyNormalized>
<expectedVolumes>0</expectedVolumes>
<fwdEngineeringStrategyName>Single Table</fwdEngineeringStrategyName>
<growthPercent>0</growthPercent>
<growthType>Year</growthType>
<maxVolumes>9999999</maxVolumes>
<minVolumes>0</minVolumes>
<normalForm>Third</normalForm>
<attributes itemClass="oracle.dbtools.crest.model.design.logical.Attribute">
<Attribute name="start_date" id="0CA07138-BDD6-B40E-5BF0-804FE1C081AD">
<createdBy>c0652863</createdBy>
<createdTime>2015-05-26 16:03:47 UTC</createdTime>
<ownerDesignName>A02B</ownerDesignName>
<engineerTo>
<item key="63660CA7-49BA-E523-E484-FE8F6FC2BC51" value="true"/>
</engineerTo>
<use>0</use>
</Attribute>
<Attribute name="end_date" id="8952A180-D06B-4ABE-5516-733017E24E85">
<createdBy>c0652863</createdBy>
<createdTime>2015-05-26 16:03:53 UTC</createdTime>
<ownerDesignName>A02B</ownerDesignName>
<engineerTo>
<item key="63660CA7-49BA-E523-E484-FE8F6FC2BC51" value="true"/>
</engineerTo>
<nullsAllowed>true</nullsAllowed>
<useDomainConstraints>false</useDomainConstraints>
<use>1</use>
<logicalDatatype>LOGDT007</logicalDatatype>
</Attribute>
<Attribute name="employee_id" id="3D6B7F5B-F439-B9C6-4530-CD9D15271D79">
<createdBy>c0652863</createdBy>
<createdTime>2015-05-26 16:09:25 UTC</createdTime>
<generatorID>9D025111-3F11-CB67-FC17-349A35165ADD</generatorID>
<ownerDesignName>A02B</ownerDesignName>
<engineerTo>
<item key="63660CA7-49BA-E523-E484-FE8F6FC2BC51" value="true"/>
</engineerTo>
<referedAttribute>DCCECDD3-7447-840E-81A1-9F14C795464E</referedAttribute>
<useDomainConstraints>false</useDomainConstraints>
<use>1</use>
<logicalDatatype>LOGDT024</logicalDatatype>
</Attribute>
</attributes>
<identifiers itemClass="oracle.dbtools.crest.model.design.logical.CandidateKey">
<identifier id="845455F0-12C2-CD7B-DD0F-E959582F14BB" name="SALARY PK">
<createdBy>c0652863</createdBy>
<createdTime>2015-05-26 16:09:25 UTC</createdTime>
<ownerDesignName>A02B</ownerDesignName>
<engineerTo>
<item key="63660CA7-49BA-E523-E484-FE8F6FC2BC51" value="true"/>
</engineerTo>
<pk>true</pk>
<usedAttributes>
<attributeRef>3D6B7F5B-F439-B9C6-4530-CD9D15271D79</attributeRef>
</usedAttributes>
</identifier>
</identifiers>
</Entity>