<?xml version = '1.0' encoding = 'UTF-8'?>
<Relation class="oracle.dbtools.crest.model.design.logical.Relation" name="Each Employee One Department" directorySegmentName="seg_0" id="0D37D40A-53BC-0488-5A8D-2BF5514D9CE4">
<createdBy>c0652863</createdBy>
<createdTime>2015-05-26 15:26:43 UTC</createdTime>
<ownerDesignName>A02A</ownerDesignName>
<engineerTo>
<item key="3E6D316D-718C-00F4-63A1-02F0A8C9DF7A" value="true"/>
</engineerTo>
<sourcePk>886B0A34-744C-4D47-8AD2-E74E90867D8D</sourcePk>
<targetPk>A6917C36-735B-9115-DA7E-A9D5CBC8558E</targetPk>
<identifying>false</identifying>
<nameOnSource>may manage</nameOnSource>
<nameOnTarget>must be managed by</nameOnTarget>
<optionalSource>true</optionalSource>
<optionalTarget>false</optionalTarget>
<sourceCardinality>1</sourceCardinality>
<sourceEntity>CEB49240-F1F4-DC41-3363-0D1D802D5B9D</sourceEntity>
<targetCardinalityString>1</targetCardinalityString>
<targetEntity>3843A9F8-5203-1EE2-0817-F0E405B70EA7</targetEntity>
<transferable>true</transferable>
<deleteRule>NO ACTION</deleteRule>
</Relation>