<?xml version = '1.0' encoding = 'UTF-8'?>
<Relation class="oracle.dbtools.crest.model.design.logical.Relation" name="One Department Mnay Employees" directorySegmentName="seg_0" id="FA5533E5-D44D-7200-C6EC-CFC0AE688E9C">
<createdBy>c0652863</createdBy>
<createdTime>2015-05-26 15:32:41 UTC</createdTime>
<ownerDesignName>A02A</ownerDesignName>
<engineerTo>
<item key="3E6D316D-718C-00F4-63A1-02F0A8C9DF7A" value="true"/>
</engineerTo>
<sourcePk>A6917C36-735B-9115-DA7E-A9D5CBC8558E</sourcePk>
<targetPk>886B0A34-744C-4D47-8AD2-E74E90867D8D</targetPk>
<identifying>false</identifying>
<optionalSource>true</optionalSource>
<optionalTarget>false</optionalTarget>
<sourceCardinality>1</sourceCardinality>
<sourceEntity>3843A9F8-5203-1EE2-0817-F0E405B70EA7</sourceEntity>
<targetCardinalityString>*</targetCardinalityString>
<targetEntity>CEB49240-F1F4-DC41-3363-0D1D802D5B9D</targetEntity>
<transferable>true</transferable>
<deleteRule>NO ACTION</deleteRule>
</Relation>