<?xml version = '1.0' encoding = 'UTF-8'?>
<Entity class="oracle.dbtools.crest.model.design.logical.Entity" directorySegmentName="seg_0" id="3843A9F8-5203-1EE2-0817-F0E405B70EA7" name="DEPARTMENT">
<createdBy>c0652863</createdBy>
<createdTime>2015-05-26 15:14:24 UTC</createdTime>
<ownerDesignName>A02A</ownerDesignName>
<engineerTo>
<item key="3E6D316D-718C-00F4-63A1-02F0A8C9DF7A" value="true"/>
</engineerTo>
<adequatelyNormalized>NO</adequatelyNormalized>
<expectedVolumes>0</expectedVolumes>
<fwdEngineeringStrategyName>Single Table</fwdEngineeringStrategyName>
<growthPercent>0</growthPercent>
<growthType>Year</growthType>
<maxVolumes>9999999</maxVolumes>
<minVolumes>0</minVolumes>
<normalForm>Third</normalForm>
<attributes itemClass="oracle.dbtools.crest.model.design.logical.Attribute">
<Attribute name="department_id" id="844D1DF1-9741-4B38-AA99-F43CB4995F4F">
<createdBy>c0652863</createdBy>
<createdTime>2015-05-26 15:14:34 UTC</createdTime>
<ownerDesignName>A02A</ownerDesignName>
<engineerTo>
<item key="3E6D316D-718C-00F4-63A1-02F0A8C9DF7A" value="true"/>
</engineerTo>
<use>0</use>
<logicalDatatype>LOGDT024</logicalDatatype>
<dataTypeSize>30 CHAR</dataTypeSize>
<domain>EFD87C14-7958-527A-884C-6777E0B51A62</domain>
</Attribute>
<Attribute name="department_name" id="F7C46062-0813-A6E0-7083-3D3B1AE03EE6">
<createdBy>c0652863</createdBy>
<createdTime>2015-05-26 15:15:01 UTC</createdTime>
<ownerDesignName>A02A</ownerDesignName>
<engineerTo>
<item key="3E6D316D-718C-00F4-63A1-02F0A8C9DF7A" value="true"/>
</engineerTo>
<use>0</use>
<logicalDatatype>LOGDT024</logicalDatatype>
<dataTypeSize>30 CHAR</dataTypeSize>
<domain>EFD87C14-7958-527A-884C-6777E0B51A62</domain>
</Attribute>
<Attribute name="manager_id" id="EFFF4309-C21B-8DD1-79BF-2A9C28C855B8">
<createdBy>c0652863</createdBy>
<createdTime>2015-05-26 15:15:46 UTC</createdTime>
<ownerDesignName>A02A</ownerDesignName>
<engineerTo>
<item key="3E6D316D-718C-00F4-63A1-02F0A8C9DF7A" value="true"/>
</engineerTo>
<use>0</use>
<logicalDatatype>LOGDT024</logicalDatatype>
<domain>BE346663-FAFF-C5FF-3BD6-7C15E2EF9834</domain>
</Attribute>
<Attribute name="employee_id" id="3ABD32D1-603E-56C2-0B17-3F0866310E28">
<createdBy>c0652863</createdBy>
<createdTime>2015-05-26 15:26:43 UTC</createdTime>
<generatorID>0D37D40A-53BC-0488-5A8D-2BF5514D9CE4</generatorID>
<ownerDesignName>A02A</ownerDesignName>
<engineerTo>
<item key="3E6D316D-718C-00F4-63A1-02F0A8C9DF7A" value="true"/>
</engineerTo>
<referedAttribute>A1666D61-1B7E-2A6D-D446-76370A6F8C05</referedAttribute>
<use>0</use>
<logicalDatatype>LOGDT024</logicalDatatype>
<domain>10A91CB5-EE8C-04E0-5A78-19DF7FE22AF4</domain>
</Attribute>
</attributes>
<identifiers itemClass="oracle.dbtools.crest.model.design.logical.CandidateKey">
<identifier id="A6917C36-735B-9115-DA7E-A9D5CBC8558E" name="DEPARTMENT PK">
<createdBy>c0652863</createdBy>
<createdTime>2015-05-26 15:14:48 UTC</createdTime>
<ownerDesignName>A02A</ownerDesignName>
<engineerTo>
<item key="3E6D316D-718C-00F4-63A1-02F0A8C9DF7A" value="true"/>
</engineerTo>
<pk>true</pk>
<usedAttributes>
<attributeRef>844D1DF1-9741-4B38-AA99-F43CB4995F4F</attributeRef>
</usedAttributes>
</identifier>
<identifier id="02590D36-32ED-C97E-A1DB-45BE64130C6C" name="DEPARTMENT_NAME.UK">
<createdBy>c0652863</createdBy>
<createdTime>2015-05-26 15:31:03 UTC</createdTime>
<ownerDesignName>A02A</ownerDesignName>
<engineerTo>
<item key="3E6D316D-718C-00F4-63A1-02F0A8C9DF7A" value="true"/>
</engineerTo>
<newElementsIDs>F7C46062-0813-A6E0-7083-3D3B1AE03EE6</newElementsIDs>
<usedAttributes>
<attributeRef>F7C46062-0813-A6E0-7083-3D3B1AE03EE6</attributeRef>
</usedAttributes>
</identifier>
</identifiers>
</Entity>