<?xml version = '1.0' encoding = 'UTF-8'?>
<Entity class="oracle.dbtools.crest.model.design.logical.Entity" directorySegmentName="seg_0" id="CEB49240-F1F4-DC41-3363-0D1D802D5B9D" name="EMPLOYEE">
<createdBy>c0652863</createdBy>
<createdTime>2015-05-26 15:20:59 UTC</createdTime>
<ownerDesignName>A02A</ownerDesignName>
<engineerTo>
<item key="3E6D316D-718C-00F4-63A1-02F0A8C9DF7A" value="true"/>
</engineerTo>
<adequatelyNormalized>NO</adequatelyNormalized>
<expectedVolumes>0</expectedVolumes>
<fwdEngineeringStrategyName>Single Table</fwdEngineeringStrategyName>
<growthPercent>0</growthPercent>
<growthType>Year</growthType>
<maxVolumes>9999999</maxVolumes>
<minVolumes>0</minVolumes>
<normalForm>Third</normalForm>
<attributes itemClass="oracle.dbtools.crest.model.design.logical.Attribute">
<Attribute name="employee_id" id="A1666D61-1B7E-2A6D-D446-76370A6F8C05">
<createdBy>c0652863</createdBy>
<createdTime>2015-05-26 15:22:14 UTC</createdTime>
<ownerDesignName>A02A</ownerDesignName>
<engineerTo>
<item key="3E6D316D-718C-00F4-63A1-02F0A8C9DF7A" value="true"/>
</engineerTo>
<use>0</use>
<logicalDatatype>LOGDT024</logicalDatatype>
<domain>10A91CB5-EE8C-04E0-5A78-19DF7FE22AF4</domain>
</Attribute>
<Attribute name="first_name" id="AC3A51F6-8281-4B4C-0B0C-3657DAF741C1">
<createdBy>c0652863</createdBy>
<createdTime>2015-05-26 15:23:40 UTC</createdTime>
<ownerDesignName>A02A</ownerDesignName>
<engineerTo>
<item key="3E6D316D-718C-00F4-63A1-02F0A8C9DF7A" value="true"/>
</engineerTo>
<use>0</use>
<logicalDatatype>LOGDT024</logicalDatatype>
<domain>6F39922B-CD90-9BDB-02C8-DD95BAF0CD36</domain>
</Attribute>
<Attribute name="last_name" id="FF072A6F-FC19-E42F-35B8-C3A563F013A2">
<createdBy>c0652863</createdBy>
<createdTime>2015-05-26 15:22:26 UTC</createdTime>
<ownerDesignName>A02A</ownerDesignName>
<engineerTo>
<item key="3E6D316D-718C-00F4-63A1-02F0A8C9DF7A" value="true"/>
</engineerTo>
<use>0</use>
<logicalDatatype>LOGDT024</logicalDatatype>
<domain>C3CEEAF5-27C0-F423-501A-F70864FA21F4</domain>
</Attribute>
<Attribute name="birth_date" id="961B37C8-D7EF-B148-9432-8672B5F47E49">
<createdBy>c0652863</createdBy>
<createdTime>2015-05-26 15:23:40 UTC</createdTime>
<ownerDesignName>A02A</ownerDesignName>
<engineerTo>
<item key="3E6D316D-718C-00F4-63A1-02F0A8C9DF7A" value="true"/>
</engineerTo>
<use>0</use>
<logicalDatatype>LOGDT007</logicalDatatype>
<domain>54FBB231-60BD-F712-089B-9394533980B6</domain>
</Attribute>
<Attribute name="gender" id="2B411BC6-EA19-C6D4-BA85-DDB7505F6A39">
<createdBy>c0652863</createdBy>
<createdTime>2015-05-26 15:23:40 UTC</createdTime>
<ownerDesignName>A02A</ownerDesignName>
<engineerTo>
<item key="3E6D316D-718C-00F4-63A1-02F0A8C9DF7A" value="true"/>
</engineerTo>
<use>0</use>
<logicalDatatype>LOGDT024</logicalDatatype>
<domain>F0EDE9A6-BC0E-1293-E1A3-900741FC5F78</domain>
</Attribute>
<Attribute name="hire_date" id="3D591C5B-0F51-67AF-F90E-FCF833E8E10F">
<createdBy>c0652863</createdBy>
<createdTime>2015-05-26 15:23:40 UTC</createdTime>
<ownerDesignName>A02A</ownerDesignName>
<engineerTo>
<item key="3E6D316D-718C-00F4-63A1-02F0A8C9DF7A" value="true"/>
</engineerTo>
<use>0</use>
<logicalDatatype>LOGDT007</logicalDatatype>
<domain>7DFD5D38-3453-5A19-5C19-78B14B632BB1</domain>
</Attribute>
<Attribute name="salary" id="E729CBC8-30DC-FAB3-4C77-535B89BD2685">
<createdBy>c0652863</createdBy>
<createdTime>2015-05-26 15:23:40 UTC</createdTime>
<ownerDesignName>A02A</ownerDesignName>
<engineerTo>
<item key="3E6D316D-718C-00F4-63A1-02F0A8C9DF7A" value="true"/>
</engineerTo>
<use>0</use>
<logicalDatatype>LOGDT024</logicalDatatype>
<domain>ABD073A6-9189-FE74-5DF1-CC3E8A1B6B7B</domain>
</Attribute>
<Attribute name="title" id="A8DC6D03-D999-9FB2-4658-33435AFA2FFB">
<createdBy>c0652863</createdBy>
<createdTime>2015-05-26 15:24:47 UTC</createdTime>
<ownerDesignName>A02A</ownerDesignName>
<engineerTo>
<item key="3E6D316D-718C-00F4-63A1-02F0A8C9DF7A" value="true"/>
</engineerTo>
<use>0</use>
<logicalDatatype>LOGDT024</logicalDatatype>
<domain>7A83AD0F-FBA9-830B-832A-98C956F524B3</domain>
</Attribute>
<Attribute name="department_id" id="069B7BAA-7983-1F56-58D5-2BFD8624C2CA">
<createdBy>c0652863</createdBy>
<createdTime>2015-05-26 15:33:34 UTC</createdTime>
<generatorID>FA5533E5-D44D-7200-C6EC-CFC0AE688E9C</generatorID>
<ownerDesignName>A02A</ownerDesignName>
<engineerTo>
<item key="3E6D316D-718C-00F4-63A1-02F0A8C9DF7A" value="true"/>
</engineerTo>
<referedAttribute>844D1DF1-9741-4B38-AA99-F43CB4995F4F</referedAttribute>
<use>0</use>
<logicalDatatype>LOGDT024</logicalDatatype>
<dataTypeSize>30 CHAR</dataTypeSize>
<domain>EFD87C14-7958-527A-884C-6777E0B51A62</domain>
</Attribute>
</attributes>
<identifiers itemClass="oracle.dbtools.crest.model.design.logical.CandidateKey">
<identifier id="886B0A34-744C-4D47-8AD2-E74E90867D8D" name="EMPLOYEE PK">
<createdBy>c0652863</createdBy>
<createdTime>2015-05-26 15:22:24 UTC</createdTime>
<ownerDesignName>A02A</ownerDesignName>
<engineerTo>
<item key="3E6D316D-718C-00F4-63A1-02F0A8C9DF7A" value="true"/>
</engineerTo>
<pk>true</pk>
<usedAttributes>
<attributeRef>A1666D61-1B7E-2A6D-D446-76370A6F8C05</attributeRef>
</usedAttributes>
</identifier>
</identifiers>
</Entity>